0.png,"Mom teaching how to drive: (plz someone kill me) Drive slowly, baby, reread all traffic laws before starting the  car, we don't want anyone to get hurt... Dad teaching how to drive: The sidewalk looks quite spacious, go there"
1.png,People who scroll through reddit but never post:
2.png,the My whole socks outfit
3.png,When you are little and hear a kid screaming in the doctors room Well fuck
4.png,Step sister Step brother stuck in dryer
5.png,When your wife asks you to put the baby to sleep
6.png,When you're approaching the 1 year anniversary of the 2 week quarantine So that was a fucking lie
7.png,"Doctor: why did you take your antibiotic at 6am,wheni told you 9am? Me:i wanted to surprise the bacteria Doctor:"
8.png,tLA23 Energizer. nergizer 25 080 S HAVOC TRIPLETAKE
9.png,Its supposed to say'Dream'the shadow says Die' and looks like Tinkerbell hung herself.. THERE ARE NO ACCIDENTS. Master Oogway
10.png,Millennial couples: Gen Z couples:
11.png,The milk struggling to not. expire after a week in the fridge The ketchup who has been. there for 7 months. Pathetic
12.png,Me when I sub to a twitch streamer and my name. appears in the stream.
13.png,Society when a Society when a girl wears guy's guy wears girl's clothes clothes I'll allow it. YOU ARE GAE
14.png,A naked anime girl in my reddit A random person in the bus
15.png,"000 My english teacher has a policy that you can throw trash across the room, but he'll only get mad if you. missthetrashcan The teacher The teacher when . when it goes in throw trash across the room: the trash can:"
16.png,My skills in a game My knowledge on the same game
17.png,My husband runs a sawmill and look at 707 these he cut today!Anyone else see a 97%2h dog? 68 39 I feel like I see more of a sad pig 5 Turn on your monitor
18.png,reddit memes
19.png,reddit memes
20.png,You are in the nether. You die. You have netherite so it won't burn. A piglin picks it up and becomes a mini boss battle PIC-COLLAGE
21.png,88T3.7h It's so sad that Steve Jobs died of ligma Reply 5 Darthnosam15h Who's Steve Jobs 88T3.5h Ligma balls
22.png,I crochet this cute little doobie for my little kitty Ruby.Also includes catnip...of course  5 minutes later....
23.png,"Students doing online lessons:""oh no what if 1 accidentally unmute?!' Meanwhile me with triple-mute protection: MAT4002_Week1.1_Introduction_upload...(17/18) 8 O F5 E F6 F7 3 F8 & E D"
24.png,When people say anime is boring AREYOUNOT ENTERTAINED? ISTHISNOT WHY YOUARE HERE?
25.png,are ya learning son? no
26.png,CAI pewds after the break seeing his subreddit R Predditors subreddit madeby u/reverse_pewds
27.png,Baby Dry A 27 31 Pampers Pampers Swaddlers 108 1 Pampers Parmpers
28.png,Looks like the elevator is stuck guess we could getto know each other to passthetime. i dont upvote the posts i like HELP!!HELP!! WE'RE STUCK!!
29.png,*receives a call from parent* my friends around me getting ready to make moaning sounds and drugs reterence :
30.png,"Pc player: pc is way better bruh Console player: nah, console is way better Also pc players: A so console players:"
31.png,These are the all god same damn TEMPLATES EMY MIND
32.png,"Ow, this is gonna need stitches That'llbe$58,000 I can help you in 38 months kill yourself"
33.png,Biden VS Dildo Does the job it's supposed to Capable of satisfaction Reliable Fake Is a real dick
34.png,The Ecstasy of Lindsay Lohan passed St.Teresa'byLorenzo out after night of Bernini(1652) partying(2007)
35.png,reddit memes
36.png,What my microwave sees when I'm waiting on food
37.png,When you finish Jojo and start a different anime where nose
38.png,My cry corner: Wall: Wall: Floor:
39.png,CN Nobody is Except born cool of course CN CN Youtubers who promotes. the sponsor at the end of the video
40.png,"Girls after using 17 types of shampoos and conditioners Guys after using an all in one body scrub, hair gel, toothpaste and cement mix"
41.png,Japanese at the same time
42.png,ITISTIMETOGO WAIT WITHADADLIKE YOU? ISMYSON WINNING? ALWAYSHASBEEN
43.png,9 yo me after giving the teacher the correct answer after she thought I wasn't paying attention
44.png,ssl-error chickenless bone wing
45.png,Nobody: Gamers: Get ready to breathe in 1080p nade with blood and sugar
46.png,Huawei launches laptop with camera that stays covered until it's opened HUAWEI & 1 % China China
47.png,All reason and mercy leaving my body as the game of UNO starts:
48.png,I was explaining to my. mom what is a Rickroll. and she gave me this:. ASTLEY INCLUYE LOS EXITOS NEVER GONNA GIVE YOU UP WHENEVER YOU NEED SOMEBODI ictor WheneverYouNeedSomebody
49.png,"Florida man,37,arrested for kidnapping 27 people and forcing them to play Yahtzee for 36 hours straight This dude on his first day in prison: I am so excited to be in y'alls Neo-Yahtzee club"
50.png,reddit memes
51.png,England can cut their own fucking grass Welcome to Scotland Faitte gu Alba
52.png,Physicist And His Son Are 3D Printing A Lamborghini Aventador lul102019at2:05am YOU WOULON'T DOWNLOAD A CAR
53.png,I have a huge crush on you Very big Like dinosaur Seen flert
54.png,In movies: Gamers Hackers Reality: Gamers Hacker:
55.png,When ur a responsible adult who recycles but still kind of an asshole
56.png,"Depression leaving my body after someone said ""Don't be sad'"
57.png,My red blood cells watching me pick open a scab that they spent hours making.
58.png,"FOX4 Geod Dsy Richardson gun store owner O fakes heart attack,grabs gun to shoot armed robber Trending FOX4 I'm too weak"
59.png,No one: The clothes on your chair in the middle of the night I'll kill you
60.png,Making of the world's first camera Me thinking about how they took a photo of it: [visible confusion]
61.png,WHEN YOU'REHAPPY YOU ENJOY THE MUSIC WHEN YOU'RE SADYOU UNDERSTAND THE LYRICS OOHEEH OOH AH AAHTING TANG WALLA WALLA BING BANG!
62.png,"Cooper is digging holes in the backyard again.We agreed if you got this dog you were responsible for his training! Dad,I'm so sorry How bad is it?? Delivered Literally left class for this SON DAD COOPER"
63.png,I lost my kidsDlost my parents. IGI@TheGeekTeam
64.png,Me: why does my chest hurt? Mom: it's nothing. Doctor: it's nothing. Google: Your time has come.
65.png,Just because you're using this template... Doesn't mean you can get away with your random bullshit opinions
66.png,My dad calling Santa 7yo me who didn't eat allthe vegetables
67.png,My parents arguing over what college I will go to Me who's already. decided to go to. Hogwarts
68.png,Nobody: 10 y.o me when a new friend comes over Behold! My stuff!
69.png,"""Do you have any special talents?' Me: &"
70.png,When you're sending them to theshadow realm onewayor another
71.png,NEWSFEED Man Stumbles Down Rabbit Hole And Finds 700-Year-Old Templar Cave
72.png,Task Manager Task Manager is not responding Windows is checking for a solution to the pro Karen General Manager Four Horsemen of You have become the very thing you swore to destroy
73.png,Brain cell 1: say have a nice day Brain cell2:nah say have a good one Mouth:Haven gice done
74.png,School test Me My dad A +
75.png,We give Pixar every mom an absolute dumptruck ass.
76.png,*Enters into the wrong class Teacher and students:
77.png,Girl: I like boys who live on the edge Me:
78.png,Driver arrested after successfully jumping over Drawbridge THE DRIVER: i've won. but at what cost?
79.png,When you accidentally eat a Dorito vertically:
80.png,How the animal's skeleton looks like How scientists would recreate the animal The animal
81.png,WHEN YOU MOM ACCIDENTALLY GIVES YOU 100 INSTEAD OF10 BUCKS I RICH
82.png,Your hotter than my pc after 10 hours of minecraft flert 1X
83.png,This is why women live longer than men KAPWING Nikola Tesla with his Magnifying Transmitter in his Colorado Springs laboratory in 1899
84.png,"REECE'S Reeces @reeces The wage gap isn't real.Men just tend to go for higher paying jobs like doctor, engineer and CEO.Whereas women go for lower paying jobs like female doctor,female engineer and female CEO."
85.png,"Me: I started to learn coding OMG dude can u hack someon- wh at any Right Will you shut up, man?"
86.png,DON'TMAKEMETARTHESIGN just because something is legal doesn't mean it's morally right
87.png,When you're taking your. science final and you don't. see any questions about what the mitochondria is. Years of academy training wasted!
88.png,reddit memes
89.png,A guy buying 60 watermelons Everyone in Math teachers: the store NOTED
90.png,"Y U P G H K L B N M AS Pissed off the IT guy,and he said he was going to give me a black eye...and i laughed...looks like heput me in my place.Touche IT guy"
91.png,Yo Dunkin Donuts tryna make me grab the D...miss me with that gay shit We Welcome PULL 24 7DAYSAWEEK
92.png,lol 54 15h lol 52 14h lol + -106 Perfectly balanced ... As all things should be.
93.png,what my teacher says will be on the test whats actually on the test my brain during the test. my brain 3. seconds after i turned it in
94.png,WHEN DRAW FOR APROJECT WHENI DRAW IN MY SPARE TIME WHEN IDRAW ON A NAPKIN ATA RESTAURANT U/CHLOEMUG
95.png,Employees watch and even hold the door for robbers as they pick. clean the entire Apple store. Employees I missed the part where that's my problem
96.png,When you promised to be in the white house for four more years and they are looking for a new maid
97.png,"Me, Orders 4 sticks of RAM Chrome : is for me?"
98.png,"WHO LOVESYOU MORE.YOUR WIFE ORYOUR DOG.TRY THIS QUICK TEST LOCKTHEMBOTH INTHETRUNKOFYOUR CAR,THEN LET THEM OUT AFTER AN HOUR.SEE WHO'SHAPPY TO SEEYOU"
99.png,reddit memes
100.png,Mirror Follow Puppy gets dressed up in adorable tuxedo to meet new owners-but they never arrive Adorable Vincente was dressed in a tuxedo and groomed ready to go to his new home but his new owners never showed up leaving the poor pup needing to find new owners.aaain evingteeal
101.png,"WELCOME TO THE GANG, KID! WE'VE GOT STEALIN' STEVE AND MURDERIN CRIMES MIKE JOHNSON. W-WHAT DID CRIMES JOHNSON DO? HE DOWNVOTES EVERYPOST ON R/AWW"
102.png,This thing has better security than theCapitol
103.png,5m I slapped a guy during sex last night because he moaned the wrong name. ThenIremembered gave him a fake name. Sorry bro. MY BAD
104.png,You guy didn't do the homework?. I thought it was due tomorrow!. Tomorrow? I thought it was due next week. I was counting on copying you guys!. We had homework?. Come on we have to finish it it's due in an hour
105.png,"kelsey gamble @kindofsquishy Kids who grew up academically gifted""are now anxious adults who have thousands of abandoned hobbies and spiral into self hate whenever they make basic mistakes or they are doctors There is no in between"
106.png,"Me and the boys after P.E teacher joins the. other team at dodgebal Man, the man is killing us, man"
107.png,"bright right now, or are you just What my. smiling at me from your office? parents think Lol It's so fucking hot doat1 am like you What my. Porn friendsthink hub I doat1 am community WhatI actually do at1 am House af she tar #wideputin #JoJomemes #itshim WIDE PUTIN VS DIO"
108.png,"Someone just said to me:""fall in love with your problems,maybe they'll leave you too"""
109.png,To sell cabbages you have to think like a cabbage
110.png,Introverts be like: we are open the door is just very heavy
111.png,"Attack on titan fans normally Great. Who are we killing? Iwon't do kids, that's a rule Attack on titan fans now But that rule is negotiable if the kid's a dick"
112.png,reddit memes
113.png,Is four a lot? Depends on the context Nerf darts found People in a family? No. after a fight? Yes.
114.png,Me when my phone is missing for 5 minutes emeba Me when my little brother is missing for 3 days
115.png,SSD 120Gb HDD 2Tb
116.png,"Me accidentally calls teacher,mom. Me after few seconds: KUPER"
117.png,Me: I wonder why I don't have girlfriend Also me: Hey bae I just wanna apologize for my words today 6:14PM I should not have told you to stfu 6:14PM I should have asked you more politely 6:14PM Like 6:14PM Could you please stfu 6:14PM VIRGINITY 100
118.png,When I spot my homie in supermarket
119.png,"Hi What's up,Steve HEY, CAAAARL!! Could you help me with that litle thing again? dajo42: Sure!No problem The dot that gets bigger and bigge every night is my favorite"
120.png,Taxevasionenthusiast @B1ockaye Bitches with no titties be having the worstattitudes like damnI thought you already got everything off yo chest 12:47 am16/01/2020Twitter foriPhone nethingsocontroversialyet'so'brave?
121.png,No one: First mission in Need For Speed:
122.png,NAMETAINGSWITHITIGHTERSECURITY THANTHECAPITOLBOILOINGS I'LLSTART.
123.png,"You try speedrunning Minecraft for the first time You spawn in a lava lake You can take credit for an extremely rare ""Die at spawn seed'"
124.png,all lives matter Ber black lives matter Bernie nolives matter Berni nothing really enie matters
125.png,Actually ask for help Suffer silently until it kills you Me
126.png,O
127.png,"I'm100 I'm44 Calm downkids Pfff...mortals. I'm1500 you giant purple chin Don't flatter yourself, son! LOOK WHO JUST JOINED THE PARTYY!!"
128.png,Is It Better to Sleep 1 1hour Extra Hour or Study 1 of sleep Extra Hour? or study Brew 8:02 75Kviews12hours ago fucking idiot! Sleep you
129.png,When you click on a. YouTube video and it starts immediately without any ads:.
130.png,Musician's Sheet Music con grazia n Conductor's Sheet Music AK e K
131.png,*MINECRAFT PLAYERS WITHKEEPINVENTORY Curse of vanishing *MINECRAFTPLAYERS WITHKEEPINVENTORY Curse of binding
132.png,"Biden tonight when he turns off the lights andsees""Trump 2024""in glow in the darkpaint on the ceiling"
133.png,WHICH WEBSITE WOULD WHAT ABOUT TELLING YOU LIKE TO SEE? MR. INCOGNITO? IDON'T WANT OKAY! YOU TOKNOW @SKELETON_CLAW SKELETONCLAW.COM
134.png,Schools when. buying school. supplies Schools when buying an entire districts. worth of accounts of a website no one will use
135.png,Me going to shut my door cause someone didn't close it all the way.
136.png,Why I don't re-organize my phone apps I like them how they are Too lazy My muscle memory will have a stroke u/oganboy231
137.png,Me trying to straighten the seatbelt The seatbelt:
138.png,"Name a place with tighter security than the Capitol. RIGHT answers only me, an intellectual:. IPHARMACY Rays PICKLES 220/11 DILL a GARLIC INGREDIENESS NGTABS."
139.png,Batman ronman @CARMOTTO Deadpool
140.png,THE-POSTILLON.COM Dead body discovered in cemetery Who could have' seen this coming?! mgflip.
141.png,Me discovering that you don't automatically get a good job. after graduating from college
142.png,Me trying to get out of my comfort zone
143.png,Saturn's moon lapetus resembles the Death Star. [softly] Don't.
144.png,Any man who can do this should be allowed to
145.png,Finding that one friend who likes the exact same things you do.
146.png,"Odd numbers when they get muliplied by 2. We're evennow,bitch"
147.png,DONOT POLICE ARREST THIS PERSON
148.png,The two horsemen of disney moms
149.png,IMOnD WillYou Shut Up Man?
150.png,What is the first letter in the English alphabet? .A:C -8:D .CtA .D:B hold the fuck up
151.png,"Wow, this is garbage. You actually like this?"
152.png,When she short and mad at the same time
153.png,Nobody: Pictures on barbershop wall
154.png,Nature noise amplifier: *exists* That one loud ass fly in your room: It's like... I was made for this
155.png,If you eat 400 bananas every day your heart will stop beating due to potassium poisoning Original meme The guy from Math problems TON JERR
156.png,INSTINJU STAND ACE ASSION TY HIMAN REIATIO REAL MEN USEFISTS Don't mind if I do
157.png,Ancient Greek doctor knocking out a patient for surgery Ancient Egyptian knowing you can just use herbs u/jahmeed
158.png,Trump discovering Reddit after getting.  banned from Twitter and Facebook EER
159.png,sarah @softbitho moons fucking massive tonight wtf
160.png,When you text someone something mildly offensive as a joke but now they've been typing out a response for the past 30 minutes:
161.png,"Ifeellike ok awoman Actually I found outI am a woman ok You have to consider me a woman too now ok Wanne go on a date? no I just don't feel Why? attracted to trans women,sorry Actually I just found out im That's transphobic superstraight FFFFFF FFFFFF FFFUU UUUU UUUU UUU UUU"
162.png,Me getting frustrated with the guy that keeps preventing me from entering into the mirror world
163.png,Engineer or something idk im not smart Ferrari
164.png,Therapist: Unleash the animal in you The animal inside me:. I maybedeertotheworld but Iam not deartoanyone
165.png,Believing in video game physics Regretting your beliefs
166.png,reddit memes
167.png,she usually sits on top of the fish tank tO misbehave but T put a lemon on top and she doesnt know what to do
168.png,not having a me  Me remaking this maker  meme  in lego dying in new jeting removed by mods getting saved for having minecraft
169.png,Among us developers: We made three diffrent maps Every player There's actually one
170.png,"Nan K=4MV After getting late to class, George Dantzig copied from the blackboard two problems thinking they were homework,and then solved them They were actually two famous unsolved statistics problems,which earned him his PhD Medium Small MEGA Mind size"
171.png,"for my third Itis wish, I wish. doNe. you forgot you ever met me greetings. I am NothiNG's the genie of the lamp, I shall.. changed. grant you three wishes"
172.png,USAI: We steal data through apps. China We steal data too. USA
173.png,f T hours ago WHY KPOP IS BETTER THAN ANIME?? because their humans not IMAGINATION! #krimxtick_alert 0019 19 128 2m 1K 632 809 1.9K Creative drawings with creative personalities is better than plastic surgeries with plastic personalities
174.png,English literature: French literature I will die for honour I will die for love American literature: Russian literature I will die I will die for freedom
175.png,I'm a gamer Console or PC Board Games UNDERSTANDABLE-HAVE AGREATDAY
176.png,vrispy hreme Is this Cosplay?
177.png,"When you step on a landmine but don't weigh enough to activate it: Me, who weighs enough to defuse it:"
178.png,"Companies after adding ""enjoy"" as the last step of the instructions to make the food Why is no one having a good time? Ispecifically reguested it."
179.png,"Insanity is doing the same thing over & over again & expecting different results."" Aortiursei Undertale Players:"
180.png,DAILYPETITION.COM Petition: Justice For Chocolate - Punish coward that skinned puppy alive for barking too much! You mama'd your last-a mia
181.png,shy grill 11:19PM girl * 11:19PM
182.png,Left:the only standing building after the bomb in Hiroshima Right:the only standing building after the Beirut explosion.Both were made by Czechs. /r/ALL THE CZECHS WHO SHARE BORDERS WITH NAZISANDCOMMIES We know a thing or two because we've seen a thing or two
183.png,Aerogel is a substance which has 99.8% Air. Lay's Classic Finally! A worthy opponent! Lay's Classi Our battle will be legendary!
184.png,My gf sending me a long ass text talking about why I need to stop. gnoring her.. Me: K
185.png,DJKHALED SUFFERINGFROM SUCCESS Back in the old days we used to say: Man it hurts to be this hip
186.png,I-said we mixing memes today erixwor IGHT I'LL MEOW IT NOOOOO!! CHANGE YOUR MIND
187.png,"Redditors ""I'm gonna kill Im gonna kill myself"" myself"
188.png,"Jimmy @assistkiller31 Nature is weird af,just watched a beetle climb a big ass tree,fight like 5 other beetles and throwthem off said tree.He then proceeded to mate with the female at the top and once he finished this dude just yeeted her off the fuckin tree too. The beetle My goals are beyond your understanding"
189.png,Scientists: People's pupils expand when they see someone they love. People looking at me:.
190.png,"My argument ""Igave birth to you. A My 'And who's fault is argument. that?"""
191.png,r/GenshinlmpactNsFw 27.8k members r/Genshinlmpact 28.3kmembers r/Genshinlmpact r/GenshinlmpactNSFW 28.3k members 27.8kmembers
192.png,Made inChina Made in Germany
193.png,"me with 13 years: don't tell me what to do me with 23 years: could someone tell me exactly, in chronological order and with a lot of details what I have to do? AE"
194.png,DADWHYMY NAMEISEXPERIENCE Experience is simply the name we give our mistakes. OscwrWilde
195.png,When your sitting on the toilet and see the knob turning
196.png,HAHAHA YOU DEATTHEBROWN ARESO PARTOFANAPPLE INNOCENT!! F1 SO ARE YOU. 2PEOPLEWHOEATTHE BROWN PARTOFACOCONUT WTURD.COM
197.png,My toddler talking about his day Me looking at his. unfinishedchicken nuggets
198.png,me: my chest hurts mom: it's nothing doctor: don't worry about I google: you've cancer bing: Subject #45 11-dec-2567 02.53 760069001
199.png,The is on fire Only a little bit of the meme was burned Kalm Thememe is now confusing Panik
200.png,"Me sleeping peacefully at. night knowing that nobody. cares about me, i'm ugly and. will never understand maths @kaafichill"
201.png,"+ Hinzarugen Telten HerLntenleoen Rick Astley-Never Gonna Glve You Up 561,938AUFRUFE 89%"
202.png,7 yr old me building a LEGO set
203.png,"Kilograms = Kg Meters = M YEAHI CAN SEE YEAH, THAT. THAT MAKES SENSE! pounds = Lbs WHAT THE FUck ...."
204.png,Come-closer.. I.need.... eneed... I need you to stop translating. English video titles to my language
205.png,FRUIT&LOOM Keep THE RUBBING GENIE WILL POPOUT SHORTLY
206.png,WHAT I PLAYED WHAT I EXPECTED WHAT I GOT DUNGEONS DRAGONS [ORD&RINGS KONOSUBA. NGONTH
207.png,"A teacher asked her class 'What is sex?' Johnny got up and said: 'Sex is a *temptation*, caused by a *sensation* where a boy sticks his *location into a girl's *destination* to increase the *population* of the next*generation* Did you get my *explanation*? Or do you need a *demonstration*? The teacher fainted"
208.png,"Americans are asleep upvote metric system Prefix Symbol Multiplier Multiplier (Scientific Notation) Exa E 101 1,000,000,000,000.000,000 Peta P 10 1,000,000,000,000,000 Tera T 101 1,000,000,000,000 Giga G 10' 1,000,000,000 Mega M 10 1,000,000 Kilo k 10 1.000 Hecto h 10' 100 Deka da 10' 10 Deo d 10 0.1 Centi 10 0.01 MIll m 10 0.001 Micro H 104 0,000,001 Nano n 10' 0,000,000,001 Pico P 101 0,000,000,000,001 Femto 10 0,000,000,000,000,001 Atto A 10 0,000,000,000,000.000,001"
209.png,Me: upvotes every meme in new One of them becomes popular* Me: What.canIsayexcept 'You're-welcome.
210.png,My extroverted friend introducing me to his friend group My introverted ass trying to not look weird
211.png,My team getting destroyed The enemy team  has joined
212.png,*me Sees a interesting video on reddit and proceeds to click the play button *takes me to youtube
213.png,after mojangupdates End-update cavesidon'tknow what else we can add Adding Sound-update. aether Beingable to rise our dragon from. Adding dragon's egg herobrine Magic update
214.png,THAVEHAD ITWITHTHESE MOTHERFUCKING JOESTARS ON THISMOTHERFOCKING ONIVERSE! imgtlip.con
215.png,They don't know I can stop time
216.png,"Nobody: 2 year olds before and after hearing ""Hear Comes The Airplane!'"
217.png,"How Big Are Deer? Adult deer are as tall as a bicycle They weigh as much as 800 hamburgers. Let me guess, America?"
218.png,When YouTube gives you an unskippable ad so you refresh the page and it goes away
219.png,reddit memes
220.png,"THIS MAN HAS CARVED OUT A 3 KM LONG CANAL TO TAKE RAINWATER COMING DOWN FROM NEARBYHILLS TOFIELDS OFHISVILLAGE IT TOOK ME 30YEARS TO DIG THISCANAL WHICH TAKESTHE WATER TO A POND IN THE VILLAGE' ANI iS much,and it's honestwork"
221.png,When you misbehaved in kindergarten and the teacher took away your gold star
222.png,"Promisedmykidicecreamifhisteam won.This is what motivation looks like He is a man of focus, commitment, and sheer fuckingwill"
223.png,Modern life sucks so much I wish I lived in the past... THEPAST
224.png,"self driving cars aren't even hard to make lol just program it not to hit stuff if(goingToHitStuff) don'tO; ""Sometimes my genius is..it's almost frightening'"
225.png,SOJMUST IMPONK SO LIKE MATHS IMUST REBEL DYE MY HAIR CRAZYCOLOURS SOIMUST BE I'm from America LOOKING FOR ATTENTION so i must be blonde
226.png,When musicians. trash talk each other ritard
227.png,Katie. you Know I have acrush on you. toprom W.u you go withme Circle your answer yes Defnitely Yes This girl:
228.png,The downstairs neighbor just installed a stripper pole P. 169 69Comn Like  Comment Jay Tautkus Hook a car battery to it
229.png,Gun owners hearing a window break at 2 AM
230.png,TAVRIANDLS
231.png,"someone literally died on my flight today sowe made an emergency landing and everyone missed there connections, The guy behind me was complaining saying""howis it an emergency if they're already dead""and I'd just like to say that you sir,are the devil WHYAREYOU BOOING ME? IMRIGHT"
232.png,...o Sprint 7:48 PM 53% Messages Tom (work) Details who will you be voting for? joe Joe Biden? No Joe Mama Now that's a name I've not heard in a long time
233.png,TOTHEUSUALROOM WTHYOU!! memegenerator.net
234.png,America Umm.... stupid lol. o_dinosaurakos Hahahahahaha Finally!
235.png,"It's dangerous to go alone, take this."
236.png,How pvp looks in Minecraft music videos How pvp looks in the actuall footage CAP
237.png,"Nestle means Nestle of.production advertising (Child labor,forced addiction to product, insane pollution,stealing water)"
238.png,"Petting a strangers dog:Level1,00o,000"
239.png,America has found a way to deep-fry water Last upatd 1244Sptember13201 GOD SCIENTISTS Americans:
240.png,just had sex WHY DUD YOUSCREENSHOT NOTWITH THE CAT Send a chat Send a chat Send a chat
241.png,Get out of my way what the fuck? orI willspoil One Piece for you @ani memer Stephen forgets that not everyone is a weeb.
242.png,Me: *visits Japan' Also me wondering if Godzilla was just a normal sized lizard E Mind your head
243.png,A51F03 Any susp Kokichi i think skip is sus Kokichi we should all vote skip SPEECH-100
244.png,My lewd weeb friend who told her to call him Onee-chan Me His innocent little sister
245.png,Milk is good But it can bebutter
246.png,Mr Beast : *Buys the. entire fuckin store*d Me who was about to buy some cereal*.
247.png,"Nobody : This finally happening to me :. 9.9k 10.0k How i expect people to react: How people actually gonna react : Wow, congrats! I don't give a fuck"
248.png,You're playing Rock Paper Scissors in the mirror You win. You win.
249.png,"love all dicks equally I like small dicks for rougher sex,because they are less likely to injure me.I like big dicks for certain positions that are hard with smaller dicks. like curved dicks for doggy and other positions.All dicks have their place.And it's inside me What a beautiful ho"
250.png,"When you finish the. project all by yourself but the project manager Says, ""We did it!"" Communist detected on American soil. Lethal force engaged"
251.png,"Me ""is sleeping"" My body: I said we falling"
252.png,-21 DID YOU KNOW? STUDENTSCHEATIN EXAMS BECAUSE OUR EDUCATION SYSTEM VALUES GRADES MORE THAN OUR LEARNING t's hard to argue with his assessment
253.png,andhikamuksin 88833838 3330083308
254.png,BADU BADUMP BADUMP
255.png,"When your finger slips and you accidentally go into the ""news"" section:. Politics"
256.png,I'm sorry but the idea of Star Trek cosplayers walking around a Renaissance Faire like time travelers will always be hilarious and amazing to me.
257.png,This Dad designed shoes to give his paralyzed daughter the sensation of walking Everyone1iked that
258.png,"No I don't use Reddit, I prefer Instagram"" ""All the memes on Reddit are stolen from Instagramanyways"""
259.png,Idk what this deer is going through out Ican relate
260.png,The game when you were a kid: The game when you replay it:
261.png,reddit memes
262.png,you all y'all you ever y'ever you eat
263.png,"Thank you Jnited Arab Emirates,verycool In my head: BewDieBie"
264.png,"My son, one day you will understand and appreciate what I do for you today Thanks Dad They had us in the-firsthalf, not gonna lie"
265.png,Art isn't just a painting in a stuffy museum. Art is alive. Artis Art. ART IS ART
266.png,Default pfp of online sites Facebook Youtube AMWA Discord nhentai
267.png,Crank
268.png,How it started: How it ended: dad @matt_rainge bro turned into a Christmas tree
269.png,Literally anything Naufomi gives her Raphtalia
270.png,Can we please vote Imposter I want to have that screen sayingIMPOSTER was the Impostor IMPOSTER no Ot magte why MPOSTER u cant Omo would be a funny meme IMPOSTER IMPOSTERwasAnImpostor nmm yes IMPOSTERwasAnImpostor
271.png,EARTH YOU CANT
272.png,The first redditor when he opened Reddit: KAPWING
273.png,reddit memes
274.png,Fuck Apple Nokia got the best camera
275.png,Genshin characters Konosuba characters Corporate needs you to find the differences between this picture and this picture. Noble They're the same picture
276.png,ROBHASTWO PASSIONS BICYCLNGAND DRUGS
277.png,"Stepmoms in 1800 Stepmoms in 2020 I killed your dad so. Stepson, why are you I can have all his money Iooking so horny today? and fields."
278.png,"Google tell me the formula for nitrogen oxide QAll Images News Maps Videos NO Google tell me the formula for sodium hypobromite QAll Images News Videos Shopping NaBrO Google tell me the formula for sodium hydride QAl  Images Videos News Shopping NaH So,thanks, thanks for nothing."
279.png,*First date* Her: so what's your sign? Me: CAN SOMEONE PLZ BE PROUD OF MEILIKE FUCKIMTRYING
280.png,AdsonPornHub Do you havea foot long dick? Me No Would you like to?
281.png,"Alp Im impostor Alp But please give me a second chance Alp For myhonesty Ah yes, the negotiator."
282.png,It's not Cuul VICTORY toJUUL ROVALE at schuul Schools I have no idea what I'm doing but I feel like I'm doing it really really well
283.png,"""MUM Um...whatcha got there? MINECRRFT Sigaaa me IF 5 online class"
284.png,The neighbours didn't like my decorations for some odd reason
285.png,Our mother knowing how to use Excel My brother Me who who knows 4 knows programming photoshop languages
286.png,sgeul snap:t_yx
287.png,reddit memes
288.png,ILLUSION 100
289.png,Pringles R KFC
290.png,Q olaf height levi height IMAGES VIDEOS ALL IMAGES VIDEOS NEWS MAPS NEWS MAPS 1.62 m 1.60 m
291.png,"Me: So if Netherite doesn't burn in lava, and it floats on lava when dropped.. shouldn't you be able to make a lava boat with it? Mojang:"
292.png,"Quick, Americans are asleep, post a picture of real tacos !. Made with love."
293.png,"Game Show Idea: 11 gay men and 1 straight man are locked in a house.The object for the gay men is to find out who isn't gay.Once a week someone gets outvoted,until2 are left.or the straight man is out.If the gays manage to outvote him,they win 1 million dollars.If the straight man is among the 2 last people in the house in the end.he wins 1 million dollars. Now here's the twistNone of the men are actually gay,they just all think they are the one straight man. WELL THAT JUST SOUNDSLIKEAMONG US WITHEXTRA STEPS"
294.png,OMG my dad is an electrician at the zoo and look howhe spent his morning I'm crying Your dad small as hell
295.png,NOTPASS EPIC ONE DOES NOT SIMPIS Overly Attashed Gidfriend PHILOSORAPTOR CHUCK CONSPIRACY NORRIS COOL KEANU STORY BRO. DAMN BADLUCK DANIEL BRIAN %%%5
296.png,MINECRAFT SRACHETTILPOATE medio piccolo grandissimo MAMMA MIA SIZE
297.png,Lasagna? What comes after B*tch! Bro welcome to the gang! Floor Gang Cyanide and Happiness  Explosm.net
298.png,100$ worth of manga in Japan 100$ worth of manga in America JANGELION n-GALl
299.png,"Raphtalia: Naofumi-Sama, please don't use that shield anymore, its powerfull but too dangerous! The plan: *starts to fail. Naofumi: Now! We do it MY way!"
300.png,"America has found a way to deep-fry water Last updated 12:44,September 132016 GOD SCIENTISTS"
301.png,Karen when Aliens invade America u/Im Savvage M SOST This isAmerica!SPEAK ENGLISH!!
302.png,This meme: N$PIRED TH IS DRAWING: WE FOUnD THI$ A Area 51Raid
303.png,+ Man DeLorean Mandalorian
304.png,reddit memes
305.png,"is it true that Reddit upvotes anything? let's see if you'll upvo- at wh any Right Will you shut up, man?"
306.png,reddit memes
307.png,When pewds swears in Swedish. I like your funny words magic man.
308.png,"me: ugh jupiter is the worst planet in the solar system. jupiter who has been protecting earth from comets and astroides for over 3 mil years: ""sad gas gaint noises"""
309.png,WORLDS STRONGEST MAN CONTEST JUDGES My main got nerfed ..but I ain't switching SO STRONG. JUOGEZ JUDGES HecRifIRnowcomics.coM
310.png,FATLED! H-Hey how's going bros?! Mynoime isPERWDIENE
311.png,Pen made of recycled water bottles casts a shadow of a water bottle....
312.png,"iMessage Today 04:04 You know what I've always wondered..?How do tall people like you actually sleep at night when the blanket can't possibly cover you from your shoulders to your toes??? Dude It's 4O'CLOCK IN THEFUCKING MORNING!!! Delivered So.. you can't sleep, huh? ..is it because of the blanket? I don't need sleep. I need answers. made"
313.png,reddit memes
314.png,"Theneighbor's kids challenged us-for.a water fight I'min Just waiting for the water to. boil Whatl THIS TIVE TALLGOESSOUTH Oh, it's real,son.It's real."
315.png,'Can we listen to something else besides sea shanties?' @trashcanpaul
316.png,DUDESIN2020 I MISS 2019 DUDESIN2021 ACTUALLY 2020 WAS FINE
317.png,Steve Harvey: Name a fruit that is yellow Contestant: Orange His team: GOODANSWERI and I took that personally
318.png,The first guy who discovered milk tryin to explain what he was doing
319.png,"Teacher: ""Today we'll be learning. about World war 2"" The kid who used to say. The kid who played all that his grandfather. the Call of Duty games: killed Hitler:. Thed Expert The German kid and the Jewish kid in the class looking at each other:."
320.png,2+ 12 3+ 4+ 555 5+ 6+ 7+ 3997 8+ 9+ 10 + 12 169 13 6 14 345 02 16 18 19 20 21 3+ 24 0800060000 7+ 35 8 29 158 30
321.png,"You swerve to avoid a squirrel. Unknown to you, the squirrelpledges a life debt to you. In your darkest hour, the squirrel arrives ?K"
322.png,Ok bro There are 0 people who asked amon9 US
323.png,"a penis has a sad life.His Hair is a mess,his family is nuts,his neighbour is an asshole,his bestfriend is a pussy and his owner beats him The guy who wrote this:"
324.png,DON'T SHAME WOMEN YOURDISTINY
325.png,Me hearing a spanish. conversation after taking 2. 1/2 years of spanish:. I know someof these words
326.png,people who killed asgore in neatural people who slept people in toriels bed who didnt after killing-her comfort asriel
327.png,"Twitch Replaces PogChamp Emote with BTS Variants January15,2021-News-Tagged:CurrentEvents Internet,K-Pop,Twitch -5 comments MOM stood!"
328.png,Welcome to McDonald's Y may I take your order And before you ask M No I'm not on the menu you filthy fucking weeb 100 - *Me who just wanted some food
329.png,reddit memes
330.png,Yeti Yeeti
331.png,TO BE CONTINUED To Be Continued Tobecoti
332.png,when your watching the last. episode of a tv show you love. and it plays a slow version of. the main theme one lasttime
333.png,reddit memes
334.png,reddit memes
335.png,Criminal: does anything Light yagami: NOTED DEATH NOTE
336.png,"Hi ex, are you made of lithium and argon? Because you are Lithium Argon 3 18 Li Ar 6.941 39.948 Add to your story Ru made up of carbon, helium astatine and erbium? Bcoz you're a Carbon Helium Astatine Erbium 6 2 85 68 C He At Er 12.011 4.0026 [210] 167.26 COUNTER STRIKE GLOBAL OFFENSIVE"
337.png,reddit memes
338.png,YOU COMPLETE MESs Nuanngecos ELMERCHOCOLATE
339.png,"Avdol gets ""killed"" by Hol Horse Panik Avdol survives Kalm POLNAREFF IGGY, LOOK OUT"" Panik"
340.png,reddit memes
341.png,She: You're the 1st guy that I brought here in my house her dog
342.png,"If your large, semiaquatic rodent has A powerful Ugly Sleek curves rear end teeth That's not a semiaquatic rodent it's the new BMW"
343.png,"When you help your friends in an exam and they score more than you Do it,Debra Pull the trigger"
344.png,"person to land on the moon, ""Neil Armstrong""backwards is Gnorts,Mr Alien MESSAGES now FBI Delete that shit right now"
345.png,pinkwas next to the body beast anddidn't report beast in reactor PATHS hmmmmmm Charlotte Pink whatu got to say ONEE SAN i was paying respect Professionals have STANDARDS
346.png,"me it's time YOU KNOW,IF YOUGO IN THERE THERE'S NO COMING BACK. I..I HAVE TO DO IT. I HAVE TO \UNDERSTAND THE Jojo REFERENCES YARE YARE"
347.png,English literature: French literature: I will die for honour I will die for love American literature: Russian literature: I will die in a fucking I will die for freedom gulag
348.png,How it looks ys how it feels.
349.png,Redditors who think the upvote button is red Redditors who think the upvote button is orange Redditors who are tired of this stupid debate da fuck they doin ova der Colorblind redditors
350.png,who else does this
351.png,"if korean pop is kpop,that means chinese rap is crap CHANGE MY MIND french art french art"
352.png,Naruto : *Gets badly injured*. Nine tailed fox. Bonjour
353.png,Bully :Dragon ball isn't real. You won't hurt me with that. Quiet kid:
354.png,"Dogs might be ""mans best friend"". j@draw_tism @DrawtismArt ..but a cat will never tell the police where your drugs are.."
355.png,"Me, the quiet kid, reading the quiet kid memes: I do not kill people. That is myleastfavourite thing to do."
356.png,"Non-Australian:""I got hit by a hailstone.Gosh it hurt.' Australian:""Oh yeah, the spikes are brutal."" Non-Australian:""The what now?'"
357.png,HMMMYES.ICAN'TWAIT TOIMPROVE THEMENTALHEALTHOFMYPATENTS P1 BYEMBARRASNGTHEMON NATIONALTELEVISION
358.png,You read my t-shirt. THAT'S ENOUGH SOCIAL INTERACTION FOR ONE DAY. THE WHOLE REDDT INVEST
359.png,Mojang Minecraft ommunity crying) But I don't like glow squid Mojang Then why did you vote for it?
360.png,reddit memes
361.png,"Billionaires: If you. invest in stocks, you. too can become like me. Everyone: *invests in stocks*. Billionaires: You weren't supposed to do that"
362.png,Memes about making fun of Americans while they're asleep:exist Me an American with fucked up sleep a schedule INTERESTING
363.png,"Oh no,it's raining. We don't have. an umbrella Follow me.. chow hon lam IG BuddyGatorComics"
364.png,Me making a meme and posting it on reddit 10k upvotes 50k upvotes I wake up
365.png,Nekos you aight Furry
366.png,reddit memes
367.png,"LHSISPARENUNG Mother COLF Messages MEA What's for dinner tonight? Steak Mom,you know I'm vegetarian... Is it there something for me? Hunger THAT'SALOTOFDAMAGE"
368.png,My life before the pandemic My life during the pandemic.
369.png,When you said I was pretty you hesitated for a.second. Why? paused for a second to appreciate your beauty RESTORATION100
370.png,Rich men Rich men in other Vs in my countries country
371.png,"Rom,455 Washington DC,2021"
372.png,Knowing expert ing a sex Say re level move they virgin S Hentai Girls
373.png,"SAY""NOTED""ONEMORETIME"
374.png,JUSTDO AIT NOTHING ISIMPOSSIBLE FEED
375.png,There is 1 Birthday Boy among us @micheey94 Who Is The Birthday Boy? Arthur Lars Nathan Dom Josh Nessi michi Annika (SKIP YOTE) Nathan was The Birthday Boy IT'SBEAUTIFUL I'VE LOOKEDAT THIS FOR FIVEHOURS NOW
376.png,sound during action scene : sound during dialogue scene :
377.png,"m burying a dollar store skeleton in a shallow grave under my new deck Should be funny in30 some years when he next guy is rebuilding it Well, I just wanna say I'm a huge fan"
378.png,SAO PAULO ELOHORIZONT OND
379.png,Reddit Usernames in usernames video games
380.png,reddit memes
381.png,reddit memes
382.png,bro wtf my pilot doing
383.png,When your hand slips and you accidentally open Microsoft Edge e
384.png,lemonade
385.png,"little cousin: crying because. he failed his math test. me: don't worry, I failed math when I was your age and look how I turned out little cousin:starts crying harder. me: yeah that's fair"
386.png,"Do alcoholics run in your family? No,but they stumble around and break shit My'Smudge Cat Memes"
387.png,X -y= Mafs
388.png,"Becau- ""That's what heroes do'"
389.png,Caryed Fumpkin Curse of Binding Survival Players Hardcore Players guess I'll die
390.png,"MyUber profile says I'mdeaf sowhen get into Uber's lusually just sign hello to them and don't speak anymore but this Uber driver just called someone and said""this deaf bitch just gotin so I can talk for a minute""Imfaooooo Yousir, area dick."
391.png,Yeah.. have no idea what lm doing.
392.png,A good pirate never takes another person's property you droppedyour nose you fucking clown
393.png,People who think. Simpsons predicts future. People who watch Simpsons and recreat the events IRL.
394.png,Serial killers People who skip the theme song on the last episode of a show
395.png,Was/Were
396.png,Me putting Sharpness V and Mending on a golden sword making it better than diamond sword hac 00 0011 00 0000001001 11111000
397.png,Thief: I took that person's belongings Scammer: I took that person's money. Kidnapper: u/kuloku and I took that person
398.png,YouTube Ads 2010NoAds 2014:Skip Ads 2018:Skip Ads after 5 seconds 2020:Video will play after Ads 2030:Videomay play in-between Ads 2040:Video Unavailable just watch Ads. THISISNOT OKE POE
399.png,"IETMORE I always thought this invisible guy on the Powerpuff Girls was just funny because he's obviously dressed as a pimp, but it only now occurs to me that maybe its not an invisible dog he's got on a leash. hold up"
400.png,When the farmer starts milking but you're actually a bull.
401.png,13yo girls on Twitter. Separating the What are you doing? whites from the colors Whoa.that's racist
402.png,I Invented A Magic Trick That Will Get You Laid penguinz0 535K views1month ago This is the greatest card magic of All Time. Performing Magic For My Dog penguinz0 645K views This is the greatest magic show of All Time hold the fuck up
403.png,Me in online classes checking every 2 minutes if my camera and microphone are turned off MM
404.png,WHAT?
405.png,THIS15THE IPLAY IT HAPPIEST NENORY EVERY TINE IN THE BRAIN WE GET SAD That one compliment from 4 years ago
406.png,"WHAT THE HELL DID IEVERDO TO YOU,MAN?"
407.png,You find diamonds It's a vein of 8 You have fortune III pickaxe
408.png,"though thought taughte through throughout tough thorough Me,an Italian who's trying to learn English: *Confused screaming*"
409.png,04 PM Vo 97 WiFi what herbivore dinosaor had spikes on its tail X Q Q what herbivore dinosaorhas spikes on its tail R [visible confusion]
410.png,River Downstream River
411.png,they shouldn't have called it zoom it should be. what? co-vid
412.png,No one: The military if plants were pink. Made with Microsoft word
413.png,reddit memes
414.png,FiNALLy... TiME FORA BREAK.. BZZZSNAP Wow... FiVE DAYS CLiCk STRAiGHT! ELiCK CLiCK CLiCK CLiCK ..BACKTOWORK i GUESS... Hi SiR... I'M CALLiNG TODAY TO iNFORM YOUTHAT YOUR CARS WARRANTYis ABOUTTO EXPiRE MAYOKiNG BYBRiAN KiNG
415.png,reddit memes
416.png,asgore waiting for. some kids to fall down
417.png,MyPewbs bobs or vegana whichever will it be pro sit the fuck down t series anan I'm here to spill the real tea @rogue.speedgod Bumblebee STUPIDCHILDREN!! monsi has voted.7 remaining pro voteyellow Bumblebee why My Pewbs has voted. 2 remaining MyPewbs yes yellow 0/100 Bumblebee Bumblebee TheImpostor was
418.png,reddit memes
419.png,A TINY FLOWER HELPED MC jazz musicstops
420.png,AttackOn Titan @Aotvisual Who madethis AAAGGH DE RELATIE uschy muschil nimicil auschi aocaton gatului eitoldul pectoral biceps tliceps -drept abdominal EO 0:3325Dec20Twitter for iPhone
421.png,How dog people think cats are. How cats really are:
422.png,"Birindwa Kab > A Campaign for. Join Historically Accurate Memes. 3 h:  Countries that have not declared war on birds Countries that HAVE declared war on birds,and have lost If I had a nickel for every time a country lost a.  war against birds, I'd have two nickels. Which isn't a Iot, but it's weird that it happened twice."
423.png,"Dream dream @Dream In today's video,I try to beat minecraft before the feds can kick me out of Nancy Pelosi's office"
424.png,Crush Hi Crush Ihavebf I'm rich bf=breakfast My name is Rich The person is unavailable on Messenger.
425.png,"4 octopus steals my video camera and swims off with it (whie it's Re... Victor's Videos27 videos 5,922,405  Subsaibe 2,241 43.003 MORE EPIC YOUTUBE COMMENTS ON EPICTUSE Dylan Mcphee 9months ago did you get your camera back? Rina Cabrera 9 months ago in reply to Dyian Mcphee no he didnt the octopus took the camera home and uploaded this video on youtube Apes together strong"
426.png,Peasant: I cannot pay. These taxes are unfair Lord:You talk a lot of shit for someone with such aflammable house
427.png,reddit memes
428.png,sociallychallengednerd why do people say chicken as a term for coward? Have you ever meet a chicken? Cause thosethings will f youup man teacherbach JARROUD69 unabletofindname GOK! No.no.He's got a point
429.png,When your crush friendzones you but now you finally have a friend
430.png,When you become a meme but you're in jail. i've won. but at what cost?
431.png,reddit memes
432.png,Americans Fake news Factual Info that aligns with what they think
433.png,"Im the most oved search engine AMATEURS 0 e WHAT WAS AMATEURS THAT,PUNK? Nolam"
434.png,"r/AskReddit Postedbyu/hannahmiveko.4mo NSFW You must battle everyone you've had sex with, all at once.How screwed are you? 2.2k 2.2k Share THEBATLEFELD REMAINSEMPTY"
435.png,AIGHT BRU GET IN Baby yeet machine $250 Will launch/throw a baby35+ feet.My record is42 feet
436.png,54 Fujiwara Tofu Shop?.... What incredible drifting!I wonder who the driver is... WN
437.png,Me and the boys never taking helmets off in public.
438.png,3:08PM * T+? t5-1tn 159
439.png,"what if we use 100% of our brain? Evolutiona Human Br Today at 13:50 imagine if zeppeli sneezed at the time he punched the frog and just killed it and jojo would be like ""dude wtf is wrong with you, come erina lets get the fuck away from this dude"" and that would conclude all of the bizzare adventures"
440.png,Dad online Dad I have something important to tel you 10:47PM ig:pun_bible 10:58.PM Huh? What's that? 11:00PM I'm all ears11:01 PM Nevermind 11:03PM
441.png,Another One The Dust
442.png,when you watch bunny girl senpai for the bunny girl but end up learning about quantum physics
443.png,Me be like: X jacksepticeye-Google Search 25% Fake Happiness X titan aot-Google Search 25% Bad Memes X anime maid-Google Search X 25% Hentai Addiction X wizard of oz ruby slippers-Google Search 25% Crippling Depression
444.png,reddit memes
445.png,"I asked for my coffee dark But,Jesus fucking Christ"
446.png,reddit memes
447.png,"What does the word ate sound like withaw wait Unscramble the word TIS its What the opposite of none all What comes before b in the alphabet What is me twice meme u/GeneralHarshz This guy, who thought he was doing some kind of quiz"
448.png,pelicans take their spine out of their mouths to coolthemselves excusemewhat the fuck
449.png,"Therapist: *cures my depression' Card: *declines Therapist: You're ugly, you're disgusting, I'm gonna kill you,give me $200"
450.png,HEINZ SSTSIME TOMATO KETCHUP 2800m-33g CE STVARISTIES
451.png,tOONS Andthisis where I would put my cat Bdubs- If I had one! TOONS Bdubs
452.png,One of the primary rules of conservation is to never lend a squirrel your switchblade
453.png,reddit memes
454.png,"DHATETITANS *TURNSINTO TITANP ""THATEGHOULS!"" *TURNS INTO GHOUL* K+=K IHATEMEMES"
455.png,reddit memes
456.png,Fuck these ghosts * *
457.png,Me: *starts to gain feelings. My depression: The ogre has fallen in love with the princess!
458.png,"My girlfriend has 206 bones in her body, ow207.now206,now207 ow206 Only legend will get this Only legends will get this"
459.png,British people when they go to almost any other country Who would have thought afterallthese years I'd return to the scene ofmx.areatestmlltary disarace
460.png,I'm gonna stop you right there Today at 11
461.png,Dynamite Consumable
462.png,reddit memes
463.png,Final stage of manhood: Being able to grow four mustaches SAls
464.png,When the teacher asks someone to say something In terms of.mic we have nomic
465.png,@tragically_fine
466.png,"A simpler time, a simpler pandemic when this man was at the center of our lockdown lives"
467.png,1.0 SLIME
468.png,15 year olds when you're 10 15 year olds when you're 15 15 year olds when you're 20
469.png,4 hour continuous Music 4 hours gaming 1 hour Online Class
470.png,Weak people revenge Strong people forgive IntelligentPeople Ignore Albert Finstein AZQUOTES me ignoring my house is on fire : I'm intelligent.
471.png,Mojang: Players: Puts months of hard work into Deserts need an update developing caves and mountains
472.png,Subaru: does not die for one episode me: AO Confused confusing confysion
473.png,r/Minecraft be like:. 3d wireframe rendering with redstone - we Literally are one step closer to running Minecraft in Minecraft! minecraft in minecraft: 22  824  54 + Share Award Minecraft evolution in just one image.. A lazy photoshop minecraft picture: S 3 24.5k 302 Share  Award
474.png,"MY.DAD, NOT SOGOOD LOOKING BUT SMART AS FUCK MY MOM. BEAUTIFOL BUT KINDA DOM ME,STUPID AND UGLYASFUCK"
475.png,reddit memes
476.png,reddit memes
477.png,don't be mad at lazy people they didn't do. whyd anything
478.png,T
479.png,I've never wanted to be in a gang more than this one
480.png,phones the phone 10y/o have I had when today 10y/o I was 81% 6 9
481.png,Types of headaches Migraine Hypertension Being rejected by Stress Art Academy
482.png,"Hello everyone Hello everyone ? but you're just talking with me... Well, since you always send screenshot of our convos to your friends,it would be Impoliteif I didn't sayHi to them too was murdered"
483.png,Your Lie in April be like: 12 years old 14 years old
484.png,ye @lnceldom dude cancer is so easy to beat im already at stage 4
485.png,: 2010 : l?
486.png,Interviewer: What are your skills? Me:
487.png,WHYISITGODZILLAVS KONG WHYCANTITBE GODZILLA&KONG
488.png,thisisa children's bedtimebookfor kids that can't read yet. The parents get to look like they are really into it and the kids fall asleep happy 100 GRUMPy AniMALS by Beastflaps QUiT THROWinG my FOOD in THE HAVE A LOVELY TRASH THAnKSGiVinG youSickFucks
489.png,You are lost. Panik You have keepinventory on so you jump of a mountain Kalm Its a hardcore world Panik Why did I turn on keepinventory. in hardcore?
490.png,Me:Wanna fuck? Her:Why do you have to say it like that? It's supposed to be a magical moment Me:Hocus Pocus Lemme Strokus ROMANTS
491.png,12:11 11 nineNecun
492.png,Society if we had tall buildings and flying.  cars
493.png,Just a reminder that this is the real Image
494.png,DIO's Churros  Kono DIO will now sell churros DIOs Churros Looks like no one wants to buy my churros DIO's Churros It's Jotaro!Maybe he'll buy some of my churros DIOs Churros Care to buy some ot my  urros Jotaro? YES. ES  DIOs Churros - These are good! I bet the others will ike these Looks like he liked my churros *A few hours later? DIO's Churros Ihave finally sold all my churros DIO's Churros
495.png,INCASE OF FIRE USESTAIRS
496.png,iMessage Today 10:56AM hey hey do you know what bees make? honey? Delivered yes dear? Hey 10:44 pm Do you know what bees make? 10:44pm/ Some stupid annoying sound 10:44pm What the fuck you want? 10:44pm
497.png,Me finally jerking off openly in the living room after being left home alone My mom who forgot her phone on the dining table
498.png,"Me, an introvert remembering a funny joke I said 2 years ago that made everyone laugh"
499.png,reddit memes
500.png,"LOOKUPIN THE SKY 4 ITSA IT'S BIRD! PLANE! Thomas,the hermonuclear maomb made with mematio"
501.png,thing good day where saymy name Ninjakol Where thing where You're goddamn right
502.png,eyes nose
503.png,When you start to lose the battle in BF 5 *summons Panzer
504.png,YOURECEVEACALLFROMTHEBOSS DOYOUACCEPT?
505.png,Taking y 37 ep to hold hands Taking 3.7 min to hold hands President Anime Memes Taking 37 sec to have s*x
506.png,Vote Cyan Cyan Sus Please it's not me *The Actual Imposter GAY EJECTHIM!!
507.png,"We got a New puppy, ugly af but he's laughing at allmy jokes so"
508.png,I've never wanted to be in a gang more than this one
509.png,when lockdown ends
510.png,And this is a snowpoff
511.png,reddit memes
512.png,pewds: coming back from a nice break pewds: sees all the memes he. killed alive again Bitch.How dare you still live
513.png,When you're in space Vietnam and thetrees start talking in teddy bear
514.png,R LONDON NE SAMSUNG 900206P6 setps.www.gwoge.ca/ea LIM  o Side Eyeing Chloe  Know Yow Meme
515.png,among us fanart the actual gameplay
516.png,Explaining to my little brother why he can't sit in the front seat of the car You simply have less value
517.png,ICANT GOON LIKETHIS- LOSING A BILLION DOLLARS A MINUTEI'LL BE BROKE IN 6OO YEARS! )00
518.png,"Daughter: hey Dad, can I have 200$ for my prom dress? Dad: sure baby Son: hey Dad, can I have 20$ for a gaming mouse? Dad: M @IdiotoftheEast"
519.png,@autolaxus JAGUAR DOGUAR
520.png,Look at me How are you the only student with glasses in the entire fuckin'film series?
521.png,Sometimes all a person needs is that missing piece ONE BILLION DOLLARS
522.png,Frozone is more powerful than Elsa because he can say theN-word
523.png,"Spotted:Derby Town 13May2016. WARNING.This guy was supposed to buy our washer dryer machine for 150.He wanted to see it working first,and asked if he could do a load of laundry.After he finished,he said ""let me go get the money""got in his car, and drove away with his clean clothes. NobelPrize winners"
524.png,"When your friends complains about the back of the test, but you only filled in the front"
525.png,"You're Paranoid, the neighbours aren't spying on us"" The neighbours:"
526.png,e-Hee Tler
527.png,"A X Got back from break and they sending me to hr, .they gave me a promotion think I'm finally getting fired 9 e DJKHALED SUFFERINGERO SHGWESS"
528.png,What 5 year old me What people see:. sees: How 5 year old me How people use it: uses it:. u/kuloku
529.png,Here have a cookie after you've seen 69420 Gamestop memes
530.png,"MY,MY... THIS WON'T SINCE DOAT ALL.. BRUTE FORCE WON'T STOPYOU HOWABOHT A LITTLE BIT OF... PERSUASION, HMMMP~ WHYDON'T WEGO shut up SOMEHWERE AND I'LLGIVE YOU demon hoe ABIG SUC-"
531.png,"Johnny Depp has not been rehired on Pirates of the Caribbean I've seen several posts praising that he has been rehired. by Disney.Those posts cite a video by Viral Vision, that video has no sources.Disney has also not made an official statement about rehiring him. If misinformation continues to spread people may stop fighting for him misinformation"
532.png,Me Therest The fingerthat ofmyhand isn't cracking
533.png,CAI me opening Reddit after a month
534.png,"me:man,i want to buy a.. Google and Facebook: NOTED"
535.png,WEFUCKING MEGA Charmin LOVESHITTING
536.png,RONALDO 7
537.png,1999 2009 2019
538.png,When you send your son.. to school in a blue state
539.png,Vaggam Hoyebath timeit allows me to play with my favorite toys And my personal favorite is the toaster The Journey of Elaina
540.png,(110022) What? What did you say? u/aaronvincep989 Pardon? CUM AGAINNNN!
541.png,"I think thoge are broken websites No matter how many times you click the pictures, nothing happens. arry Botter PuPe! CVENTORES andthe TONGUES BIRP WHY Climate Change Demers Pie? CARL the DIARY WHERES DUST MILDEW? ALL BUNNY A Growing Up KIVEGUIDE inaWorld MOETES iROPAGAND Runby Corporations AtoZ ON"
542.png,"r/funny Posted by u/Niyi_M . rh  i.redd.it 7Awards There's a dead hedgehog somewhere rA,VK 226 Share"
543.png,"r/blursedimages Posted by u/urethraboi34  1th  i.redd.it Awards blursed_grinding 19,Vk 116 Share +"
544.png,"holding on Sometimes damage does more letting go than Just let go,you'll do less damage!I learned that on Facebook"
545.png,It's badass when people stand in front of things they destroyed You Tube EMERGEN Tube You Tube
546.png,When I was Young waspoor But after kira_Djnalie YEARS Ofhard work Iammoonger Young
547.png,whose child are you what family can you maybe not. i litteraly don't know you are you married. how old are you.
548.png,WHATEVER just wash your hands.
549.png,reddit memes
550.png,Another dead hedgehog O OO
551.png,"r/HenryStickmin Posted by u/J8n_is_hererhi.redd.it Awards Imposter faking doing tasks be like. Yeah..  have no idea what lm doing 1,ok 32 Share"
552.png,Blursed Cheeeeeeeeeeeeeeeeeeeeeeeseburger
